codigo,poblacion,poblacion_14_17,poblacion_18_29,poblacion_30_49,poblacion_50_64,poblacion_65_mas
02007,221001,9308,45844,68126,34779,30988
02014,160609,5281,37173,43622,25309,32564
02021,193537,7919,36826,60101,32617,30948
02028,227024,12426,40351,67554,36166,31021
02035,192449,7613,31569,61953,33343,34670
02042,201764,8099,29058,63810,35726,39967
02049,213262,10111,33433,63322,37930,37857
02056,203888,13236,39097,57694,29283,22550
02063,167908,9051,26290,48188,30010,29092
02070,171896,8228,25196,50523,31471,32997
02077,201905,9219,28997,60353,37580,39298
02084,235364,9669,32842,78860,40026,42372
02091,262330,10627,39449,80285,46446,53085
02098,247252,8283,46135,76860,41247,47219
02105,195265,8127,30977,64879,33423,32376
06007,17344,993,2572,4659,3171,2725
06014,12847,793,2063,3408,2068,1970
06021,12906,786,1807,3446,2039,2322
06028,583209,38765,109916,163227,86112,63614
06035,366117,21507,63468,104208,59045,52697
06042,21757,1464,3497,5908,3266,3119
06049,75152,4712,12419,20212,11644,11355
06056,334505,18624,60883,96132,50878,46674
06063,48516,2864,7758,13310,7771,7418
06070,39223,2567,6984,10841,5672,4932
06077,32077,1980,5662,8623,4792,4338
06084,21185,1391,3271,5480,3483,3360
06091,358328,23712,66078,101844,53912,39565
06098,100685,6482,18615,28372,14798,11311
06105,37194,2157,5664,9926,5847,6347
06112,46227,2900,7056,12281,7575,7569
06119,32350,2355,5679,9050,4473,3632
06126,107976,7170,19950,30738,15847,11678
06134,70542,5042,12735,20501,8880,6359
06140,15882,971,2706,4572,2431,2050
06147,22905,1454,3752,6152,3729,3254
06154,14007,880,2175,3747,2151,2214
06161,17345,1164,3000,4763,2544,2232
06168,9551,599,1706,2617,1441,1268
06175,27406,1746,4782,7326,4372,3912
06182,65823,4292,11727,18263,9571,8847
06189,15795,975,2134,4151,2690,2850
06196,24110,1491,3544,6186,4065,3814
06203,41713,2424,5969,11709,7152,6580
06210,52409,3257,8633,14465,8249,8189
06218,42191,2843,6694,12062,6241,5455
06224,70554,4341,11496,19279,11138,11116
06231,18328,1239,2938,4923,2862,2679
06238,31405,2066,5303,8272,4840,4515
06245,63978,4370,11738,17692,9137,7209
06252,256071,17100,47123,75144,35630,22766
06260,337880,22606,64986,96970,47016,31605
06266,40036,2546,6923,11678,5770,4103
06270,198620,13990,39209,59009,25159,14871
06274,488103,34715,99087,135527,61892,38701
06277,10759,748,1813,2728,1675,1442
06280,45307,2790,7482,12125,7099,6717
06287,10150,618,1745,2801,1547,1400
06294,16231,938,2502,4321,2681,2823
06301,20674,1301,3295,5671,3028,3199
06308,3157,218,435,854,510,515
06315,22566,1597,3848,6123,3360,3053
06322,11535,664,1789,3161,1885,1741
06329,17980,1233,3228,4974,2590,2138
06336,4846,355,766,1357,704,528
06343,14141,963,2320,3854,1958,2031
06351,12842,790,2162,3403,1907,1969
06357,660569,38238,112759,183361,109169,103876
06364,142315,10329,26390,41576,16419,9588
06371,444503,26347,77192,127595,71002,63232
06385,22530,1325,3612,6029,3374,3499
06392,35055,2302,5767,9394,5325,4855
06399,11662,688,1843,3060,1880,1996
06406,10581,630,1656,2719,1675,1815
06408,185361,11299,32615,52090,29777,26481
06410,177983,10787,29115,50761,30774,25594
06412,326527,22513,63892,92118,41572,28491
06413,100964,5879,16234,28537,15241,15630
06420,100400,6752,16202,26283,16207,14442
06427,1837168,119317,343412,527419,247790,184047
06434,460081,26491,76663,131542,76142,70028
06441,756074,43565,151322,218699,110331,91132
06448,11496,779,1887,3033,1764,1548
06455,27136,1648,4370,7093,4409,4407
06462,17153,1114,2867,4475,2542,2651
06466,6170,380,1057,1721,951,888
06469,45191,2826,6962,12186,7242,7149
06476,18106,1109,2914,4750,3124,2764
06483,41418,2661,6852,11222,6088,5924
06490,685644,43352,121906,196158,101509,83848
06497,110111,6926,19274,31522,16907,13088
06505,22653,1490,4148,6298,2982,2639
06511,11253,691,1752,3064,1757,1741
06515,349401,23272,67433,99181,50813,36602
06518,32973,2017,4890,9635,5194,4560
06525,64761,4854,12452,18112,8337,5339
06532,71002,4512,12453,19560,10575,9496
06539,581484,39683,110700,162884,80142,58219
06547,24616,1610,3998,6996,3542,3121
06553,8444,528,1308,2426,1316,1202
06560,575758,39873,112178,165387,73665,46713
06568,329517,17717,53147,94957,56526,55926
06574,19888,1394,3508,5322,2910,2564
06581,101483,6237,15796,27518,16948,15968
06588,52366,3395,8228,13808,8421,7946
06595,122011,7661,21212,32697,19420,17523
06602,37499,2249,6252,10862,5656,4776
06609,44594,2948,6983,11511,7190,6925
06616,7112,416,1095,1868,1125,1022
06623,114988,6993,18370,31874,18064,16961
06630,4615,291,809,1274,669,502
06638,393614,27641,77387,112681,54161,30240
06644,39224,2679,6922,11716,5648,3997
06648,101994,7788,20102,28843,11765,6781
06651,16391,833,2201,4337,3096,3262
06655,12161,681,2005,3237,1845,1881
06658,631774,40041,113798,177181,94748,77467
06665,39648,2737,7100,10986,5414,4550
06672,16491,1040,2610,4403,2518,2693
06679,19735,1297,3331,5203,3086,2462
06686,25619,1590,4056,6908,4031,4065
06693,13901,919,2375,3874,1985,1869
06700,21407,1251,3160,5982,3730,3460
06707,35423,2260,5568,9477,5416,5640
06714,39257,2561,6802,10583,5793,5284
06721,9344,589,1357,2635,1543,1467
06728,26399,1724,4802,7287,3866,3106
06735,26695,1706,4531,7466,4091,3492
06742,8918,508,1381,2426,1482,1506
06749,171099,10321,30922,48702,27061,22213
06756,295978,16763,46761,79452,52890,52769
06760,327650,20326,63253,93949,47183,35950
06763,166657,10179,28201,46541,25917,22629
06770,68353,4681,12449,18514,9548,7870
06778,97929,7288,18115,27859,11622,7187
06784,11736,865,1970,3173,1709,1505
06791,144678,8487,25416,41914,22270,20012
06798,10695,721,1817,2748,1692,1551
06805,446291,30138,80855,128392,68623,45964
06812,2528,147,502,666,401,235
06819,14591,829,2038,4062,2590,2330
06826,49128,3059,7880,13985,7547,6583
06833,61889,3697,9119,16977,10422,10112
06840,362319,19888,60965,105036,60208,56432
06847,9090,547,1473,2467,1354,1423
06854,35411,2192,5651,9283,5695,5582
06861,280541,14249,39771,80231,51808,53565
06868,37325,2609,6008,10712,5918,4582
06875,32552,2225,6113,9040,4654,3715
06882,131415,8950,24870,37334,18497,14164
10007,5087,271,994,1346,841,764
10014,3282,225,592,865,525,445
10021,19545,1339,3857,5407,2772,2230
10028,1822,109,430,502,181,184
10035,30353,2298,6125,8420,3979,2996
10042,19471,1335,4186,5394,2493,1771
10049,186466,11683,38512,55059,25677,18335
10056,4375,326,804,1159,583,516
10063,14624,926,2985,4221,2011,1404
10070,26043,1889,5431,7107,3573,2348
10077,4696,277,927,1304,674,606
10084,12219,894,2439,3296,1649,1251
10091,26822,1747,5395,7211,3828,3025
10098,13317,959,2746,3659,1781,1339
10105,25254,1829,5194,6589,3530,2878
10112,33951,2200,6825,10308,4591,2928
14007,75462,4751,12303,21294,11539,9975
14014,1498060,84502,320659,425656,211709,178542
14021,294511,19425,53806,86215,41804,28869
14028,64748,4286,12340,16937,9352,7557
14035,36064,2292,5988,10002,5667,4818
14042,152397,9192,27999,43659,21691,18379
14049,36023,2583,6642,9217,5132,4512
14056,67648,4187,12207,18894,10320,8507
14063,107286,6061,17112,29710,17334,17019
14070,4855,302,871,1168,821,741
14077,5070,334,871,1210,925,817
14084,37551,2368,6267,9894,5916,5513
14091,219494,13133,36233,61033,36071,31399
14098,277979,16041,50175,77370,42209,37505
14105,58181,3703,11424,15639,8077,6427
14112,15275,1113,2928,3900,2211,1639
14119,113311,6891,20615,31560,17172,14358
14126,42029,2631,7596,11417,6484,5233
14133,62700,3873,10698,17583,9773,7894
14140,228951,14343,40202,63667,34652,30442
14147,139012,8890,23568,40914,19713,15010
14154,4381,315,844,1121,656,554
14161,120207,7034,20037,32909,18973,17634
14168,22473,1503,4163,6336,3177,2361
14175,14092,812,2622,3537,2238,2046
14182,113635,7000,19376,31223,17289,16311
18007,44369,2878,8684,11838,5943,4270
18014,2808,202,574,746,387,323
18021,437446,26354,92999,124374,60753,43200
18028,26270,2031,5834,6402,2985,1961
18035,51489,3392,9779,13104,7352,6050
18042,17948,1162,3722,4826,2481,1832
18049,39168,2881,7780,9786,5160,4420
18056,9051,633,1659,2235,1338,1072
18063,17016,1075,3272,4426,2502,2123
18070,106223,7311,20428,27800,15052,12022
18077,11946,736,2365,3021,1604,1391
18084,38767,2687,7798,10163,5310,3422
18091,40406,2841,8783,10162,4582,3288
18098,11541,825,2308,2901,1626,1351
18105,49807,3105,9989,13181,6664,5020
18112,45602,2927,8832,12090,6355,5037
18119,56778,4216,10593,15094,7618,5237
18126,29126,2063,5950,7526,3919,2868
18133,19679,1121,3754,5573,2955,2150
18140,21381,1409,4399,5622,2982,2374
18147,15164,1108,2795,3867,2082,1527
18154,12700,984,2757,2992,1514,1183
18161,22682,1559,4842,5714,2982,2302
18168,71922,5076,16001,18554,8907,5672
18175,10382,746,2038,2483,1480,1273
22007,37794,3047,8299,10070,4030,2414
22014,28060,1808,5650,7451,3745,2919
22021,101086,6973,20951,27818,13473,9330
22028,34493,2132,7015,9800,4640,3149
22036,23179,1546,4996,6338,2963,1830
22039,8310,491,1701,2343,1240,767
22043,10643,663,2136,2854,1486,1023
22049,12807,986,2857,3224,1452,971
22056,15061,966,3109,4196,2084,1367
22063,68429,5031,15205,18712,7517,4373
22070,21948,1943,4630,5622,2482,1532
22077,13775,849,2814,3979,1753,1156
22084,65304,4642,13830,17444,8060,5382
22091,26354,1826,5632,6880,3324,2101
22098,59798,3963,12025,16172,8037,5148
22105,30223,2016,6061,8365,3877,2805
22112,21544,1711,4632,5511,2546,1576
22119,13938,976,2977,3600,1757,1146
22126,14265,783,2880,4015,1930,1248
22133,32430,2316,6690,8508,4273,3058
22140,413764,24177,83802,123076,59386,39905
22147,16045,1078,3418,4121,2051,1237
22154,18696,1252,4187,4736,2484,1676
22161,4051,299,811,1112,561,304
22168,32606,2561,6805,8333,3831,2592
26007,102806,7019,18836,31790,13681,9293
26014,28099,1840,4468,8664,4406,3006
26021,214829,13595,38378,67245,29856,20245
26028,1782,101,310,544,248,150
26035,49965,3203,8529,15401,7505,5288
26042,12505,816,2254,3494,1842,1475
26049,1181,70,160,368,221,153
26056,2862,188,479,802,475,335
26063,744,41,109,196,159,93
26070,1882,97,377,542,311,207
26077,144420,9070,25724,43657,21417,16108
26084,6347,379,1240,1837,891,607
26091,14477,1020,2771,4371,1669,1053
26098,5947,381,950,1793,907,617
26105,1608,102,267,487,248,196
30008,74890,4528,12994,21202,11460,9499
30015,197603,13144,38653,53323,26606,19674
30021,52312,2968,9991,14641,7930,7037
30028,78264,4895,14694,22211,11043,7939
30035,29436,1847,5997,7838,4272,3070
30042,16717,1170,3520,4437,2265,1569
30049,56796,3525,9869,15471,8827,7328
30056,125176,7958,20992,35517,19366,16259
30063,13984,959,2771,3720,1929,1285
30070,75271,5017,14974,19522,10640,8276
30077,42954,2649,7449,11706,6507,5888
30084,388716,22615,72401,113401,58373,47586
30088,20786,1438,3818,5452,3061,2402
30091,31091,1985,5406,8088,4710,4302
30098,115516,7266,21507,32054,16972,14772
30105,40301,2366,7070,11394,6265,5167
30113,55284,3618,10914,14494,7696,6743
34007,15600,1248,3335,3881,1605,1079
34014,268572,17467,55326,76440,37994,24995
34021,19275,1439,3815,4873,2628,1890
34028,17017,1367,3709,4484,1734,903
34035,81600,5757,16816,20207,10415,7185
34042,19089,1389,3476,4713,2799,1916
34049,94116,6169,17785,24065,13474,10099
34056,72560,5157,13943,18191,10066,7495
34063,17678,1676,4175,4129,1099,477
38007,14998,1241,3288,3893,1673,1328
38014,122259,8642,25594,34542,14725,9894
38021,319469,19916,60373,94357,45809,34468
38028,20877,1506,4192,5740,2532,1813
38035,93653,6322,18419,26724,12621,8734
38042,65522,4382,12421,19186,8767,7174
38049,1797,127,317,445,233,188
38056,6729,412,1293,2008,975,573
38063,88237,5659,17164,24577,12135,9236
38070,20497,1400,4381,5531,2437,1618
38077,2641,218,506,595,368,276
38084,3966,333,913,975,382,247
38094,14621,1087,2909,4323,1834,1375
38098,5298,308,1142,1493,660,608
38105,2490,197,474,650,360,245
38112,25831,1924,5176,7064,3274,2321
42007,11053,675,1678,3061,1917,1635
42014,2611,202,395,760,376,306
42021,118504,7352,20683,34660,17957,14843
42028,8225,554,1423,2316,1167,979
42035,15094,834,2318,4258,2529,2353
42042,1103,63,165,312,184,137
42049,2868,193,487,822,443,326
42056,12277,812,1947,3451,1843,1727
42063,1461,110,256,415,209,156
42070,9397,558,1428,2518,1534,1637
42077,7713,416,1055,2174,1387,1393
42084,428,31,53,122,76,47
42091,413,16,63,119,72,61
42098,9243,587,1560,2590,1431,1277
42105,69067,4253,12727,19499,10179,8438
42112,11636,803,2177,3457,1471,860
42119,8404,538,1317,2291,1391,1283
42126,11090,792,1757,3083,1665,1479
42133,17356,1151,2696,4723,2804,2534
42140,17927,1203,2761,5775,2515,1362
42147,5637,334,905,1573,879,838
42154,17686,1177,2967,5058,2696,2101
46007,16251,1087,3417,4639,2076,1527
46014,210507,13438,47702,62424,27414,17173
46021,5810,330,1009,1651,874,819
46028,11371,679,2217,3353,1613,1257
46035,15630,942,3194,4307,2360,1682
46042,58681,4350,12143,16778,7635,5083
46049,6984,471,1325,1960,1052,828
46056,3184,200,650,832,460,339
46063,7615,493,1537,1982,1188,895
46070,4013,271,822,1020,641,443
46077,1885,124,363,566,272,178
46084,7347,458,1446,1862,1146,988
46091,5017,379,1007,1280,766,457
46098,2695,170,504,767,393,304
46105,2399,175,422,651,359,242
46112,15764,1064,3235,4011,2340,1631
46119,4306,301,839,1127,645,484
46126,2994,180,601,838,434,308
50007,123715,6242,21763,36107,18379,19726
50014,52379,3284,8506,13450,7943,8006
50021,194557,11330,33866,55187,28728,29493
50028,320871,19968,57956,90075,46009,39298
50035,46472,2824,8327,12679,6876,6006
50042,12018,743,2370,3236,1668,1278
50049,233839,16003,43640,63338,32162,25853
50056,47086,3465,9445,12618,5605,3875
50063,171883,11714,30806,48128,25280,18135
50070,218887,14539,39673,62875,29949,23505
50077,32596,2366,5758,9249,4529,2973
50084,63589,4087,11817,16789,8654,8236
50091,39752,2694,7403,10855,5213,4258
50098,139406,8922,25287,36902,18931,18118
50105,213204,13271,37567,57039,30659,29097
50112,19379,1261,3648,5110,2577,2173
50119,59972,4139,10974,16341,7935,6495
50126,41168,3060,8406,11182,4845,3447
54007,50503,3671,10414,13101,6330,4054
54014,59875,4492,11982,15014,7276,4701
54021,34945,2588,7002,8668,4349,2913
54028,391498,24918,79826,110768,53618,35393
54035,10303,775,2150,2413,1385,940
54042,91133,6375,17385,24815,11844,8090
54049,45456,3365,9730,11757,4955,2313
54056,77075,5770,16323,19690,8713,4723
54063,99838,7334,19263,27502,12173,6735
54070,49391,3289,9548,13454,6999,4747
54077,52166,3654,9877,13672,7037,4808
54084,38620,2780,7183,10083,5138,3670
54091,120703,8284,25253,31608,15143,10467
54098,63194,4421,12486,16026,8240,5665
54105,23080,1640,4449,6021,2920,1949
54112,34690,2795,7303,8323,3572,1779
54119,30877,2198,6007,8005,4129,2299
58007,10173,680,1780,3177,1434,831
58014,18150,1259,3975,5368,1922,876
58021,2641,168,391,737,391,313
58028,4832,307,905,1371,790,487
58035,467217,28274,85041,145449,67598,45921
58042,18289,1186,3150,5796,2778,1666
58049,20853,1327,3748,6448,2985,1748
58056,39567,2596,6361,12798,6207,3665
58063,7696,484,1418,2280,1083,690
58070,15502,1026,2393,5141,2408,1250
58077,9267,537,1594,3004,1398,770
58084,5572,348,914,1764,833,523
58091,29721,2166,5719,9669,3301,1458
58098,5087,305,879,1428,824,548
58105,8471,540,1682,2358,1174,766
58112,45540,3053,7974,13374,6819,4577
62007,63845,4078,11259,18802,9610,7417
62014,41160,2776,7814,11555,5780,4170
62021,161443,9411,27465,50917,24610,18022
62028,7398,420,1347,2096,1106,861
62035,6960,469,1132,2004,1085,715
62042,379627,23790,69154,112102,54724,40997
62049,3682,218,609,1036,631,455
62056,1452,88,230,413,222,226
62063,16493,988,2659,4703,2438,2178
62070,9309,558,1260,2907,1548,1183
62077,35473,2326,6251,10250,5277,3916
62084,4300,232,770,1115,708,616
62091,16555,1072,3061,4709,2478,1707
66007,69442,5057,14786,18501,8061,5178
66014,8928,561,1831,2287,1127,875
66021,17822,1289,3406,5179,2176,1647
66028,624003,39056,128178,176249,85800,64852
66035,55713,4053,11536,15741,6052,3927
66042,24715,1717,5177,6615,3113,2566
66049,55746,3725,11561,15197,7224,5373
66056,177448,13853,36016,45319,20927,12461
66063,3491,216,706,922,491,392
66070,6116,531,1141,1457,690,555
66077,12246,731,2216,3760,1820,1136
66084,7182,502,1510,1777,969,812
66091,1789,146,385,431,196,160
66098,8888,609,1826,2322,1125,979
66105,7182,635,1641,1819,609,336
66112,48028,3064,9784,12922,6351,5209
66119,5808,491,1127,1441,669,624
66126,159715,12271,33170,42018,18671,11177
66133,38062,3294,8287,8706,3334,2119
66140,33750,2152,6735,8604,4751,3800
66147,50961,3471,10521,13680,6554,4527
66154,7779,554,1482,1938,1030,856
66161,9411,838,1640,2218,1245,908
70007,31281,2401,6225,8424,3621,2813
70014,10172,790,1937,2666,1181,1062
70021,10667,748,2036,2968,1313,847
70028,114849,6263,19868,31361,18140,19241
70035,44017,3384,9152,11169,5203,4311
70042,103772,7712,20913,27587,13030,9251
70049,8826,600,1633,2536,1181,820
70056,25269,1613,4815,6561,3859,3105
70063,12498,922,2758,3260,1388,953
70070,72879,5740,14503,19761,8308,5383
70077,136582,9505,25560,37116,18857,14350
70084,101334,6410,18972,27790,14555,11927
70091,15037,1156,3027,3865,1684,1268
70098,62697,4197,11027,17305,8726,6947
70105,27188,2233,5797,6726,2983,2171
70112,6454,486,1388,1736,795,467
70119,8425,519,1674,2236,1198,927
70126,20824,1800,4521,4949,2211,1617
70133,6674,487,1397,1781,779,541
74007,23653,1703,4281,6217,3337,2961
74014,5575,355,929,1422,828,849
74021,16044,1059,3082,4259,2453,1979
74028,26522,1725,4855,7450,4028,3364
74035,148671,10196,29343,41458,21193,14773
74042,14334,1014,2885,3822,1993,1348
74049,40289,2640,6520,11726,6374,5258
74056,260769,17948,52758,74755,36554,25568
74063,4691,297,815,1158,780,800
78007,15035,1004,2826,4767,1749,980
78014,126266,9131,23265,39871,16364,8442
78021,137309,9234,24939,42579,19323,11852
78028,25384,1767,4149,8970,3091,1445
78035,12584,772,2327,3977,1545,829
78042,12828,895,2460,3924,1562,889
78049,6271,430,1175,1967,730,399
82007,48544,2841,8312,13862,7488,6781
82014,86261,4643,13703,24654,13566,14158
82021,189464,11648,33996,54399,28065,22731
82028,93000,5607,15751,25790,14709,13532
82035,24853,1407,5317,6809,3136,2523
82042,200455,11699,33642,55196,31842,29508
82049,197533,12572,38095,54401,28582,21048
82056,73636,4091,11766,20817,11514,10882
82063,568259,33422,108257,165114,81630,68227
82070,114730,6740,20959,33301,17091,14735
82077,30942,2213,6099,8496,4329,2925
82084,1337958,73033,239678,397033,199444,174690
82091,72593,4640,12997,19741,10936,8934
82098,33180,1934,6743,8875,4590,3435
82105,84617,5010,15104,23283,12995,11191
82112,46486,2895,8372,12745,6850,6036
82119,193786,11669,32464,58527,27304,21468
82126,67299,3918,11042,18657,10649,9709
82133,55463,3696,10893,14724,7757,5933
86007,8959,611,1857,2451,1082,920
86014,20104,1541,4547,4971,2098,1357
86021,14894,1250,3141,3557,1585,1328
86028,25462,2064,5629,6139,2754,1985
86035,170401,10997,35481,47162,20779,15024
86042,10809,707,2259,3007,1410,910
86049,328824,20031,67955,96343,43931,31833
86056,35653,2910,7856,8925,3810,2516
86063,43692,3043,8289,12006,5688,4857
86070,20246,1622,4330,4768,2256,1867
86077,46304,3676,9738,12182,5332,3663
86084,9251,626,1808,2441,1152,1069
86091,18622,1372,3856,4827,2210,1791
86098,20567,1692,4446,4971,2221,1574
86105,24047,1729,5201,6264,2952,2151
86112,1440,117,274,373,235,167
86119,40352,3460,8668,10370,4239,2453
86126,15008,1054,3084,3771,2104,1605
86133,26193,1893,5476,6621,2994,2375
86140,12336,862,2436,2939,1648,1346
86147,66637,4496,13562,17596,8549,6247
86154,5314,335,1029,1476,763,465
86161,53879,3893,11729,14067,6038,4424
86168,12775,1124,2610,3080,1500,1154
86175,11183,957,2304,2706,1120,1030
86182,5034,383,1148,1153,537,440
86189,9766,708,2184,2505,1183,966
90007,45459,3273,9821,11834,5449,3859
90014,227688,15800,48103,63124,27462,18714
90021,92308,5917,19483,25113,12145,9806
90028,42669,3047,9031,11321,4934,3821
90035,15539,1029,3244,3994,2009,1651
90042,34745,2320,7027,9332,4748,3705
90049,21196,1536,4597,5626,2662,1948
90056,66352,4471,13181,17862,8792,7304
90063,93464,6640,18588,27220,10664,7384
90070,77469,5247,15762,21180,9871,8292
90077,64927,4340,13398,17542,8327,7001
90084,587289,33284,118768,163624,84912,73809
90091,36946,2346,7377,9480,4943,4578
90098,22382,1419,4382,5928,3276,2606
90105,172877,11823,34621,49275,22432,14980
90112,23438,1650,5220,5875,2940,2334
90119,102589,6627,19722,29062,15522,9703
94008,98922,6588,18500,31850,13644,6732
94011,6027,405,1190,1813,694,374
94015,80009,4960,14597,26667,12308,5167
